Systemic Illness,Rectal Pain,Sore Throat,Penile Oedema,Oral Lesions,Solitary Lesion,Swollen Tonsils,HIV Infection,Sexually Transmitted Infection,Patient_ID
0.618392300540031,0.614372320464914,0.4339664166096467,0.9045493601732948,0.9118224579220108,0.3653086609134678,0.342087732368542,0.6008319660580894,0.3405397477873775,0.7525065199679937
0.3339260107346933,0.7278636288521708,0.6879924937697646,0.9671792303506582,0.7317239246882954,0.6995177857692115,0.2805808144095512,0.573530739944057,0.8988884245215414,0.7792517122108988
0.0476897367287749,0.5699225577466182,0.425835662299914,0.6719176411640981,0.8769340424920427,0.1530932196307278,0.2750597825197741,0.4071001557490049,0.5560712811202688,0.5147384462983204
0.4770733256384131,0.4101895292910917,0.1847269013449121,0.7841239920446443,0.2945073609969323,0.2685223346816123,0.1012925882285947,0.2946903259241054,0.5354354376195295,0.5328729910305625
0.1652292444756037,0.3860671621484578,0.4264100017965472,0.5771327778999849,0.5969510882238821,0.6098981067140623,0.1920441903742405,0.2725254502605089,0.4200511977576774,0.3917648102407526
0.5943029508423583,0.4565812258903581,0.5088505789554094,0.4587119968844231,0.3612514162534332,0.7412813231287438,0.5723544535351999,0.587847292791585,0.2453862805854937,0.4648756069510973
0.9114808919542656,0.4813678512515908,0.3431788669469748,0.3854419233960479,0.7281240386362621,0.4585921735544414,0.0237903427274036,0.0,0.5575888020519504,0.1428946436718727
0.5546498787343249,0.4847620518741063,0.195632643865195,1.0,0.7336620549674968,0.5049581178238246,0.6896466123767735,1.0,0.7846325517935331,1.0
0.4938525600320346,0.7188876018957525,0.2446524845029477,0.8807539698155689,0.4786087844454321,0.2869284212577768,0.4616315047483092,0.7072660181071865,0.4795572466322954,0.787399660901394
0.0803379898103155,0.3893094448099743,0.4391451477566309,0.2079822250004743,0.536736143567788,0.6504647206567028,0.5515543903011996,0.4304253600339216,0.4070208091392643,0.2327088723277634
0.4401142829099606,0.2117448239704515,0.4610975673484333,0.8963352196648109,0.7431232433297871,0.3395312861819854,0.0263553368094215,0.2809962371435797,0.615095041323436,0.5973102167499742
0.1097076776231285,0.5721207088412938,0.0813219375725728,0.4321633541150144,0.834628720296262,0.3242641130194192,0.6261326122656485,0.6270929858051377,0.5125840036134817,0.4665174562239464
0.4910076887585145,0.4088495476227172,0.2130399440201028,0.8646255542727002,0.5390524570483917,0.3511338726029518,0.497641533628167,0.7344435622753376,0.4699294476295479,0.7899615599920309
0.7508735496293157,0.670423423805712,0.4151685226231307,0.4576456262646534,0.8900938078543663,0.305720946940078,0.3410266731921793,0.3562118750536626,0.7649619696814031,0.3555606934841421
0.4270196148217438,0.5758141716606873,0.5808914244077009,0.6926723947299016,0.8378974657687114,0.592737501064622,0.1495081034520983,0.2930081691962878,0.7050441773748725,0.4743334602361808
0.8500126569178474,0.5727150081848474,0.4043376376318139,0.0,0.0581493156684072,0.4496627960269568,0.6221897886465471,0.3876279706704277,0.6562020258888226,0.081297830308144
0.5464168532832466,0.286492398736151,0.3780998298616727,0.4766993075772643,0.6230580429170642,0.505370455643233,0.5358633683443081,0.5612023496324902,0.7692065966324844,0.4637373776665611
0.599613220337648,0.2572735527564112,0.5152990398893819,0.9182377628536008,0.6527586091729988,0.5311169410250507,0.185407972961913,0.4517975803061375,0.7330070662143322,0.6912505552050451
0.4271927627149233,0.7296934634811635,0.1425257829715123,0.5387269369090585,0.4098041991845853,0.3962634923185255,0.2537469577456006,0.3132242682358168,0.3706789193010568,0.3866005275293971
0.1606760489277796,0.6593831827994254,0.4735070887668315,0.6999762059151755,0.4758427535383326,0.4809327161030228,0.2862956982212365,0.4336145623684008,0.5177627385158603,0.5448928592848676
